time,XEM
8/29/2017 11:00,0.008143700693242772
8/29/2017 12:00,-0.029860235875228014
8/29/2017 13:00,-0.021716535181983687
8/29/2017 14:00,0.008143700693242772
8/29/2017 15:00,-0.10858267590991466
8/29/2017 16:00,-0.10043897521667187
8/29/2017 17:00,-0.10043897521667187
8/29/2017 18:00,-0.038003936568469454
8/29/2017 19:00,0.08415157383018458
8/29/2017 20:00,0.0868661407279323
8/29/2017 21:00,0.07329330623919295
8/29/2017 22:00,0.09500984142117663
8/29/2017 23:00,0.06514960554594995
8/30/2017 0:00,-0.14387204558063948
8/30/2017 1:00,-0.08958070762567982
8/30/2017 2:00,-0.1302992110918999
8/30/2017 3:00,-0.0760078731369418
8/30/2017 4:00,0.3366062953207405
8/30/2017 5:00,0.31760432703650565
8/30/2017 6:00,0.4750492071058832
8/30/2017 7:00,0.3854684994802016
8/30/2017 8:00,0.3718956649914622
8/30/2017 9:00,0.23616732010406705
8/30/2017 10:00,0.249740154592808
8/30/2017 11:00,0.2144507849220847
8/30/2017 12:00,0.2524547214905555
8/30/2017 13:00,0.22802361941082405
8/30/2017 14:00,0.2551692883883032
8/30/2017 15:00,0.34474999601398304
8/30/2017 16:00,0.4424744043329074
8/30/2017 17:00,0.4506181050261502
8/30/2017 18:00,0.2551692883883019
8/30/2017 19:00,0.25788385528605096
8/30/2017 20:00,0.2551692883883032
8/30/2017 21:00,0.2497401545928064
8/30/2017 22:00,0.41804330225317604
8/30/2017 23:00,0.4560472388216468
8/31/2017 0:00,0.4451889712306549
8/31/2017 1:00,0.4397598374351597
8/31/2017 2:00,0.4560472388216468
8/31/2017 3:00,1.4604369909883694
8/31/2017 4:00,0.9799586500869928
8/31/2017 5:00,0.944669280416268
8/31/2017 6:00,0.6650688899482362
8/31/2017 7:00,0.7872244003468905
8/31/2017 8:00,0.7872244003468905
8/31/2017 9:00,0.9555275480072614
8/31/2017 10:00,0.944669280416268
8/31/2017 11:00,0.944669280416268
8/31/2017 12:00,0.9175236114387892
8/31/2017 13:00,0.9473838473140171
8/31/2017 14:00,0.9989606183712276
8/31/2017 15:00,1.1754074667248398
8/31/2017 16:00,1.104828727383396
8/31/2017 17:00,1.0966850266901529
8/31/2017 18:00,1.2894192764302541
8/31/2017 19:00,1.2867047095325048
8/31/2017 20:00,1.2867047095325048
8/31/2017 21:00,1.2921338433280016
8/31/2017 22:00,1.123830695667632
8/31/2017 23:00,1.0858267590991613
9/1/2017 0:00,1.0993995935879008
9/1/2017 1:00,1.066824790814925
9/1/2017 2:00,1.0858267590991613
9/1/2017 3:00,0.027145668977480497
9/1/2017 4:00,0.06243503864820087
9/1/2017 5:00,-0.05429133795495655
9/1/2017 6:00,0.038003936568471015
9/1/2017 7:00,0.08143700693243883
9/1/2017 8:00,0.07872244003468952
9/1/2017 9:00,0.07329330623919272
9/1/2017 10:00,-0.07872244003468776
9/1/2017 11:00,-0.07872244003468776
9/1/2017 12:00,-0.10586810901216737
9/1/2017 13:00,-0.10858267590991623
9/1/2017 14:00,-0.1302992110918999
9/1/2017 15:00,-0.24431102079730985
9/1/2017 16:00,-0.2578838552860505
9/1/2017 17:00,-0.2578838552860505
9/1/2017 18:00,-0.2578838552860505
9/1/2017 19:00,-0.2714566897747903
9/1/2017 20:00,-0.2578838552860505
9/1/2017 21:00,-0.2986023587522708
9/1/2017 22:00,-0.3583228305027242
9/1/2017 23:00,-0.2986023587522708
9/2/2017 0:00,-0.2687421228770428
9/2/2017 1:00,-0.25788385528605096
9/2/2017 2:00,-0.27960039046803464
9/2/2017 3:00,-0.40447046776443774
9/2/2017 4:00,-0.5863464499135467
9/2/2017 5:00,-0.4153287353554296
9/2/2017 6:00,-0.6867854251302201
9/2/2017 7:00,-0.597204717504539
9/2/2017 8:00,-0.5809173161180499
9/2/2017 9:00,-0.684070858232471
9/2/2017 10:00,-0.730218495494185
9/2/2017 11:00,-0.5429133795495806
9/2/2017 12:00,-0.3936122001734459
9/2/2017 13:00,-0.4859074746968748
9/2/2017 14:00,-0.5239114112653445
9/2/2017 15:00,-0.8768051079725718
9/2/2017 16:00,-0.7926535341423873
9/2/2017 17:00,-1.1455472308496149
9/2/2017 18:00,-1.4332913220108925
9/2/2017 19:00,-1.4197184875221525
9/2/2017 20:00,-1.4332913220108925
9/2/2017 21:00,-1.3925728185446722
9/2/2017 22:00,-1.3328523467942186
9/2/2017 23:00,-1.3925728185446722
9/3/2017 0:00,-1.411574786828908
9/3/2017 1:00,-0.7926535341423873
9/3/2017 2:00,-0.5347696788563363
9/3/2017 3:00,-0.3908976332756984
9/3/2017 4:00,0.11944094350090805
9/3/2017 5:00,0.06243503864820221
9/3/2017 6:00,0.3637519642982194
9/3/2017 7:00,0.10858267590991623
9/3/2017 8:00,0.0950098414211764
9/3/2017 9:00,0.2063070842288406
9/3/2017 10:00,0.09229527452342756
9/3/2017 11:00,0.21445078492208447
9/3/2017 12:00,-0.30131692565001694
9/3/2017 13:00,-0.3474645629117308
9/3/2017 14:00,-0.5266259781630935
9/3/2017 15:00,-0.14387204558063948
9/3/2017 16:00,0.06786417244369769
9/3/2017 17:00,0.4424744043329076
9/3/2017 18:00,0.7112165272099502
9/3/2017 19:00,0.7112165272099502
9/3/2017 20:00,0.7030728265167059
9/3/2017 21:00,0.7057873934144547
9/3/2017 22:00,0.6324940871752607
9/3/2017 23:00,0.7627932982671606
9/4/2017 0:00,0.8306574707108583
9/4/2017 1:00,0.2388818870018161
9/4/2017 2:00,-0.0325748027729742
9/4/2017 3:00,-0.05157677105720904
9/4/2017 4:00,-0.1384429117851429
9/4/2017 5:00,-0.08415157383018458
9/4/2017 6:00,-0.09772440831892436
9/4/2017 7:00,-0.08686614072793207
9/4/2017 8:00,-0.4641909395148911
9/4/2017 9:00,-0.575488182322555
9/4/2017 10:00,-0.2931732249567727
9/4/2017 11:00,-0.6514960554594968
9/4/2017 12:00,-0.5293405450608409
9/4/2017 13:00,-0.4017559008666902
9/4/2017 14:00,-0.2714566897747903
9/4/2017 15:00,-0.3637519642982192
9/4/2017 16:00,-0.6732125906414808
9/4/2017 17:00,-0.6949291258234631
9/4/2017 18:00,-0.6759271575392283
9/4/2017 19:00,-0.9066653438477988
9/4/2017 20:00,-0.7220747948009419
9/4/2017 21:00,-0.331177161525245
9/4/2017 22:00,-0.31217519324100906
9/4/2017 23:00,-0.6162066857887736
9/5/2017 0:00,-0.7302184954941864
9/5/2017 1:00,-1.0532519563261855
9/5/2017 2:00,-1.0532519563261855
9/5/2017 3:00,-1.2867047095325048
9/5/2017 4:00,-1.3382814805897154
9/5/2017 5:00,-1.4685806916816158
9/5/2017 6:00,-1.455007857192876
9/5/2017 7:00,-1.4658661247838682
9/5/2017 8:00,-1.0885413259969092
9/5/2017 9:00,-0.9663858155982532
9/5/2017 10:00,-0.4071850346621855
9/5/2017 11:00,-0.3203188939342516
9/5/2017 12:00,0.25788385528605073
9/5/2017 13:00,0.1628740138648741
9/5/2017 14:00,0.1628740138648741
9/5/2017 15:00,0.1628740138648741
9/5/2017 16:00,0.1628740138648741
9/5/2017 17:00,0.30131692565001833
9/5/2017 18:00,0.31217519324100884
9/5/2017 19:00,0.5429133795495793
9/5/2017 20:00,0.3610373974004717
9/5/2017 21:00,-0.20902165112658788
9/5/2017 22:00,-0.15473031317162975
9/5/2017 23:00,0.01900196828423484
9/6/2017 0:00,0.3691810980937145
9/6/2017 1:00,0.8523740058928404
9/6/2017 2:00,0.7682224320626556
9/6/2017 3:00,1.0939704597924045
9/6/2017 4:00,1.0885413259969088
9/6/2017 5:00,1.1536909315428592
9/6/2017 6:00,1.1536909315428592
9/6/2017 7:00,1.1536909315428592
9/6/2017 8:00,1.1536909315428592
9/6/2017 9:00,1.3762854171581864
9/6/2017 10:00,0.8605177065860847
9/6/2017 11:00,0.5103385767766049
9/6/2017 12:00,0.38546849948020334
9/6/2017 13:00,0.48047834090138003
9/6/2017 14:00,0.4614763726171438
9/6/2017 15:00,0.20359251733109285
9/6/2017 16:00,0.48047834090138003
9/6/2017 17:00,0.26331298908154604
9/6/2017 18:00,0.33117716152524523
9/6/2017 19:00,0.32846259462749594
9/6/2017 20:00,0.3366062953207405
9/6/2017 21:00,0.5130531436743542
9/6/2017 22:00,0.5130531436743542
9/6/2017 23:00,0.5130531436743542
9/7/2017 0:00,0.20902165112658969
9/7/2017 1:00,-0.07872244003468952
9/7/2017 2:00,-0.11672637660316032
9/7/2017 3:00,-0.2144507849220847
9/7/2017 4:00,-0.21173621802433693
9/7/2017 5:00,-0.11672637660316056
9/7/2017 6:00,-0.11944094350090805
9/7/2017 7:00,-0.1221555103986558
9/7/2017 8:00,-0.1275846441941524
9/7/2017 9:00,-0.2307381863085716
9/7/2017 10:00,-0.16558858076262162
9/7/2017 11:00,0.1302992110918999
9/7/2017 12:00,-0.02171653518198413
9/7/2017 13:00,-0.02171653518198413
9/7/2017 14:00,-0.13572834488739538
9/7/2017 15:00,0.14930117937613452
9/7/2017 16:00,-0.07872244003468976
9/7/2017 17:00,-0.04614763726171511
9/7/2017 18:00,-0.1900196828423535
9/7/2017 19:00,-0.1927342497401008
9/7/2017 20:00,-0.19544881663785008
9/7/2017 21:00,-0.1981633835355978
9/7/2017 22:00,-0.1900196828423535
9/7/2017 23:00,-0.19544881663785008
9/8/2017 0:00,-0.2280236194108243
9/8/2017 1:00,-0.12215551039865558
9/8/2017 2:00,-0.07872244003468798
9/8/2017 3:00,-0.07872244003468952
9/8/2017 4:00,-0.08415157383018479
9/8/2017 5:00,-0.10858267590991466
9/8/2017 6:00,0.33117716152524346
9/8/2017 7:00,0.2986023587522695
9/8/2017 8:00,0.2931732249567742
9/8/2017 9:00,0.1791614152513612
9/8/2017 10:00,-0.01900196828423484
9/8/2017 11:00,-0.054291337954958115
9/8/2017 12:00,-0.07057873934144497
9/8/2017 13:00,-0.07329330623919272
9/8/2017 14:00,-0.3420354291162355
9/8/2017 15:00,-0.6243503864820161
9/8/2017 16:00,-0.7003582596189597
9/8/2017 17:00,-0.6596397561527396
9/8/2017 18:00,-0.5972047175045387
9/8/2017 19:00,-0.6189212526865211
9/8/2017 20:00,-0.6324940871752607
9/8/2017 21:00,-0.6270649533797652
9/8/2017 22:00,-0.5890610168112961
9/8/2017 23:00,-0.5836318830157994
9/9/2017 0:00,-0.5510570802428252
9/9/2017 1:00,-0.5537716471405711
9/9/2017 2:00,-0.5727736154248073
9/9/2017 3:00,-0.5266259781630921
9/9/2017 4:00,-0.4777637740036307
9/9/2017 5:00,-0.16287401386487566
9/9/2017 6:00,-0.5510570802428234
9/9/2017 7:00,-0.5483425133450759
9/9/2017 8:00,-0.5456279464473284
9/9/2017 9:00,-0.7166456610054452
9/9/2017 10:00,-0.7573641644716653
9/9/2017 11:00,-0.7030728265167072
9/9/2017 12:00,-0.6894999920279679
9/9/2017 13:00,-0.6922145589257154
9/9/2017 14:00,-0.29045865805902515
9/9/2017 15:00,-0.05700590485270717
9/9/2017 16:00,-0.0162874013864871
9/9/2017 17:00,-0.010858267590992066
9/9/2017 18:00,-0.027145668977478943
9/9/2017 19:00,-0.06786417244369769
9/9/2017 20:00,0.0488622041594613
9/9/2017 21:00,0.046147637261713566
9/9/2017 22:00,0.0
9/9/2017 23:00,-0.008143700693242772
9/10/2017 0:00,-0.008143700693242772
9/10/2017 1:00,0.010858267590990291
9/10/2017 2:00,0.09772440831892416
9/10/2017 3:00,0.0027145668977475172
9/10/2017 4:00,-0.12215551039865558
9/10/2017 5:00,-0.5021948760833606
9/10/2017 6:00,-0.6406377878685049
9/10/2017 7:00,-0.7519350306761687
9/10/2017 8:00,-0.8686614072793276
9/10/2017 9:00,-0.7926535341423873
9/10/2017 10:00,-0.6460669216640003
9/10/2017 11:00,-0.3528936967072259
9/10/2017 12:00,-0.3854684994802017
9/10/2017 13:00,-0.3420354291162355
9/10/2017 14:00,-0.2714566897747903
9/10/2017 15:00,-0.2877440911612775
9/10/2017 16:00,-0.2823149573657807
9/10/2017 17:00,-0.0868661407279323
9/10/2017 18:00,-0.116726376603159
9/10/2017 19:00,0.1031535421144194
9/10/2017 20:00,-0.0705787393414452
9/10/2017 21:00,-0.13029921109189835
9/10/2017 22:00,-0.07872244003468798
9/10/2017 23:00,-0.0922952745234289
9/11/2017 0:00,-0.16015944696712658
9/11/2017 1:00,-0.18459054904685648
9/11/2017 2:00,-0.01357283448873958
9/11/2017 3:00,0.06243503864820087
9/11/2017 4:00,0.1411574786828902
9/11/2017 5:00,0.13844291178514267
9/11/2017 6:00,0.10315354211442083
9/11/2017 7:00,0.2470255876950589
9/11/2017 8:00,0.3691810980937146
9/11/2017 9:00,0.4614763726171436
9/11/2017 10:00,0.42075786915092506
9/11/2017 11:00,0.7410767630851768
9/11/2017 12:00,0.18459054904685807
9/11/2017 13:00,0.0705787393414452
9/11/2017 14:00,-0.0027145668977476283
9/11/2017 15:00,0.18730511594460564
9/11/2017 16:00,0.1384429117851428
9/11/2017 17:00,-0.0488622041594613
9/11/2017 18:00,-0.12215551039865567
9/11/2017 19:00,-0.28502952426352823
9/11/2017 20:00,-0.2334527532063193
9/11/2017 21:00,-0.1791614152513613
9/11/2017 22:00,-0.2307381863085717
9/11/2017 23:00,-0.20902165112658802
9/12/2017 0:00,-0.13029921109189846
9/12/2017 1:00,-0.12758464419415086
9/12/2017 2:00,-0.2877440911612774
9/12/2017 3:00,-0.30946062634325977
9/12/2017 4:00,-0.2986023587522678
9/12/2017 5:00,-0.0868661407279323
9/12/2017 6:00,0.038003936568471015
9/12/2017 7:00,0.05157677105720904
9/12/2017 8:00,0.0488622041594613
9/12/2017 9:00,0.04886220415946152
9/12/2017 10:00,0.08415157383018479
9/12/2017 11:00,-0.5537716471405727
9/12/2017 12:00,-0.035289369670723485
9/12/2017 13:00,0.024431102079731426
9/12/2017 14:00,0.02171653518198391
9/12/2017 15:00,-0.13301377798964764
9/12/2017 16:00,-0.10315354211442096
9/12/2017 17:00,-0.08686614072793386
9/12/2017 18:00,-0.04614763726171522
9/12/2017 19:00,-0.15744488006937907
9/12/2017 20:00,-0.07600787313694035
9/12/2017 21:00,0.010858267590991844
9/12/2017 22:00,-0.040718503466218636
9/12/2017 23:00,-0.0868661407279323
9/13/2017 0:00,-0.1384429117851428
9/13/2017 1:00,-0.19544881663784847
9/13/2017 2:00,-0.2307381863085718
9/13/2017 3:00,-0.4071850346621856
9/13/2017 4:00,-0.4560472388216476
9/13/2017 5:00,-0.6704980237437324
9/13/2017 6:00,-0.6704980237437324
9/13/2017 7:00,-0.6704980237437308
9/13/2017 8:00,-0.4506181050261516
9/13/2017 9:00,-0.5076240098788575
9/13/2017 10:00,-0.6867854251302195
9/13/2017 11:00,-0.9310964459275292
9/13/2017 12:00,-1.0776830584059165
9/13/2017 13:00,-0.7763661327558993
9/13/2017 14:00,-0.8116555024266234
9/13/2017 15:00,-0.8632322734838316
9/13/2017 16:00,-0.6732125906414792
9/13/2017 17:00,-0.6053484181977815
9/13/2017 18:00,-0.6324940871752607
9/13/2017 19:00,-0.6080629850955291
9/13/2017 20:00,-0.6704980237437316
9/13/2017 21:00,-0.7465058968806735
9/13/2017 22:00,-0.6813562913347226
9/13/2017 23:00,-0.6460669216640009
9/14/2017 0:00,-0.6080629850955307
9/14/2017 1:00,-0.5374842457540855
9/14/2017 2:00,-0.4994803091856138
9/14/2017 3:00,-0.323033460832
9/14/2017 4:00,-0.2958877918545211
9/14/2017 5:00,-0.2253090525130759
9/14/2017 6:00,-0.2253090525130759
9/14/2017 7:00,-0.22259448561532744
9/14/2017 8:00,-0.4370452705374113
9/14/2017 9:00,-0.3990413339689412
9/14/2017 10:00,-0.2443110207973105
9/14/2017 11:00,-0.062435038648202386
9/14/2017 12:00,-0.2877440911612774
9/14/2017 13:00,-0.7546495975739169
9/14/2017 14:00,-0.6840708582324704
9/14/2017 15:00,-0.6379232209707573
9/14/2017 16:00,-0.8713759741770759
9/14/2017 17:00,-1.072253924610421
9/14/2017 18:00,-0.963671248700505
9/14/2017 19:00,-0.9989606183712276
9/14/2017 20:00,-1.080397625303665
9/14/2017 21:00,-1.0885413259969083
9/14/2017 22:00,-1.286704709532506
9/14/2017 23:00,-1.3328523467942195
9/15/2017 0:00,-0.9772440831892436
9/15/2017 1:00,-0.9636712487005042
9/15/2017 2:00,-0.7220747948009419
9/15/2017 3:00,-0.7410767630851768
9/15/2017 4:00,-0.7682224320626566
9/15/2017 5:00,-0.9853877838824878
9/15/2017 6:00,-1.1156869949743873
9/15/2017 7:00,-1.1319743963608753
9/15/2017 8:00,-1.3844291178514299
9/15/2017 9:00,-1.3980019523401688
9/15/2017 10:00,-1.368141716464942
9/15/2017 11:00,-1.2839901426347566
9/15/2017 12:00,-1.1699783329293454
9/15/2017 13:00,-0.2633129890815461
9/15/2017 14:00,-0.33389172842299275
9/15/2017 15:00,-0.38003936568470575
9/15/2017 16:00,-0.3366062953207396
9/15/2017 17:00,-0.2280236194108235
9/15/2017 18:00,-0.2280236194108235
9/15/2017 19:00,0.7872244003468912
9/15/2017 20:00,0.8958070762568073
9/15/2017 21:00,0.6243503864820178
9/15/2017 22:00,0.8089409355288751
9/15/2017 23:00,1.0939704597924045
9/16/2017 0:00,0.8415157383018493
9/16/2017 1:00,0.925667312132034
9/16/2017 2:00,0.6243503864820171
9/16/2017 3:00,0.6433523547662517
9/16/2017 4:00,0.7519350306761687
9/16/2017 5:00,1.001675185268976
9/16/2017 6:00,1.118401561872135
9/16/2017 7:00,0.99624605147348
9/16/2017 8:00,1.248700772964035
9/16/2017 9:00,1.2785610088392616
9/16/2017 10:00,1.1265452625653785
9/16/2017 11:00,0.8279429038131099
9/16/2017 12:00,0.9962460514734792
9/16/2017 13:00,0.27145668977478965
9/16/2017 14:00,0.4451889712306565
9/16/2017 15:00,0.6189212526865211
9/16/2017 16:00,0.4533326719238993
9/16/2017 17:00,0.4017559008666888
9/16/2017 18:00,0.4017559008666888
9/16/2017 19:00,-0.05972047175045402
9/16/2017 20:00,-0.10043897521667257
9/16/2017 21:00,0.1547303131716299
9/16/2017 22:00,0.2334527532063187
9/16/2017 23:00,-0.04343307036396617
9/17/2017 0:00,-0.2171653518198323
9/17/2017 1:00,-0.33389172842299203
9/17/2017 2:00,-0.32574802772974765
9/17/2017 3:00,-0.3718956649914622
9/17/2017 4:00,-0.4641909395148912
9/17/2017 5:00,-0.6813562913347235
9/17/2017 6:00,-0.7003582596189581
9/17/2017 7:00,-0.5890610168112944
9/17/2017 8:00,-0.6433523547662525
9/17/2017 9:00,-0.5999192844022864
9/17/2017 10:00,-0.3881830663779493
9/17/2017 11:00,-0.09229527452342827
9/17/2017 12:00,0.0624350386482016
9/17/2017 13:00,0.07057873934144593
9/17/2017 14:00,-0.05972047175045402
9/17/2017 15:00,-0.21716535181983224
9/17/2017 16:00,0.36103739740047097
9/17/2017 17:00,0.2388818870018153
9/17/2017 18:00,0.1275846441941516
9/17/2017 19:00,-0.33932086221848795
9/17/2017 20:00,-0.20359251733109274
9/17/2017 21:00,-0.3067460594455129
9/17/2017 22:00,-0.3013169256500162
9/17/2017 23:00,-0.2578838552860508
9/18/2017 0:00,-0.16287401386487418
9/18/2017 1:00,-0.01085826759099115
9/18/2017 2:00,0.12215551039865565
9/18/2017 3:00,0.15744488006937826
9/18/2017 4:00,0.1764468483536137
9/18/2017 5:00,0.3827539325824541
9/18/2017 6:00,0.5103385767766057
9/18/2017 7:00,0.7302184954941848
9/18/2017 8:00,0.5782027492203026
9/18/2017 9:00,0.5347696788563364
9/18/2017 10:00,0.4750492071058823
9/18/2017 11:00,0.7220747948009413
9/18/2017 12:00,0.7329330623919339
9/18/2017 13:00,0.7763661327558993
9/18/2017 14:00,0.7817952665513953
9/18/2017 15:00,0.8197992031198662
9/18/2017 16:00,0.3501791298094791
9/18/2017 17:00,0.5184822774698493
9/18/2017 18:00,0.6460669216640009
9/18/2017 19:00,0.6840708582324718
9/18/2017 20:00,0.5564862140383202
9/18/2017 21:00,0.9256673121320348
9/18/2017 22:00,0.9853877838824874
9/18/2017 23:00,0.9881023507802356
9/19/2017 0:00,1.0749684915081688
9/19/2017 1:00,0.7817952665513945
9/19/2017 2:00,0.4831929077991259
9/19/2017 3:00,0.6514960554594962
9/19/2017 4:00,0.5999192844022864
9/19/2017 5:00,0.4098996015599331
9/19/2017 6:00,0.4777637740036307
9/19/2017 7:00,0.2307381863085718
9/19/2017 8:00,0.4071850346621855
9/19/2017 9:00,0.4180433022531767
9/19/2017 10:00,0.4071850346621855
9/19/2017 11:00,0.16558858076262184
9/19/2017 12:00,0.1873051159446049
9/19/2017 13:00,0.14115747868289116
9/19/2017 14:00,0.1330137779896476
9/19/2017 15:00,0.1330137779896476
9/19/2017 16:00,0.19001968284235327
9/19/2017 17:00,0.3013169256500169
9/19/2017 18:00,0.2850295242635291
9/19/2017 19:00,0.2931732249567727
9/19/2017 20:00,0.22259448561532824
9/19/2017 21:00,-0.13029921109189918
9/19/2017 22:00,-0.30674605944551225
9/19/2017 23:00,-0.33389172842299125
9/20/2017 0:00,-0.44247440433290736
9/20/2017 1:00,-0.2823149573657808
9/20/2017 2:00,-0.06786417244369686
9/20/2017 3:00,-0.22530905251307515
9/20/2017 4:00,-0.1737322814558654
9/20/2017 5:00,-0.013572834488739529
9/20/2017 6:00,-0.2497401545928073
9/20/2017 7:00,-0.20902165112658871
9/20/2017 8:00,-0.1737322814558661
9/20/2017 9:00,-0.19273424974010087
9/20/2017 10:00,-0.1818759821491097
9/20/2017 11:00,-0.1845905490468573
9/20/2017 12:00,-0.1791614152513613
9/20/2017 13:00,-0.16558858076262184
9/20/2017 14:00,-0.16558858076262184
9/20/2017 15:00,-0.17101771455811776
9/20/2017 16:00,-0.17101771455811776
9/20/2017 17:00,-0.32031889393425245
9/20/2017 18:00,-0.32574802772974765
9/20/2017 19:00,-0.32031889393425245
9/20/2017 20:00,-0.25245472149055564
9/20/2017 21:00,-0.13844291178514356
9/20/2017 22:00,-0.11401180970541208
9/20/2017 23:00,-0.08415157383018547
9/21/2017 0:00,-0.10043897521667257
9/21/2017 1:00,-0.16558858076262256
9/21/2017 2:00,-0.1601594469671266
9/21/2017 3:00,-0.10858267590991612
9/21/2017 4:00,-0.3230334608320008
9/21/2017 5:00,-0.3148897601387565
9/21/2017 6:00,-0.2443110207973113
9/21/2017 7:00,-0.2524547214905541
9/21/2017 8:00,-0.2605984221837985
9/21/2017 9:00,-0.2524547214905549
9/21/2017 10:00,-0.2497401545928065
9/21/2017 11:00,-0.2497401545928065
9/21/2017 12:00,-0.2850295242635299
9/21/2017 13:00,-0.3013169256500169
9/21/2017 14:00,-0.3040314925477653
9/21/2017 15:00,-0.32846259462749605
9/21/2017 16:00,-0.5836318830157993
9/21/2017 17:00,-0.5239114112653445
9/21/2017 18:00,-0.4940511753901186
9/21/2017 19:00,-0.5293405450608404
9/21/2017 20:00,-0.6080629850955299
9/21/2017 21:00,-0.5320551119585879
9/21/2017 22:00,-0.5076240098788574
9/21/2017 23:00,-0.5564862140383195
9/22/2017 0:00,-0.5999192844022864
9/22/2017 1:00,-0.43704527053741216
9/22/2017 2:00,-0.4424744043329081
9/22/2017 3:00,-0.4831929077991267
9/22/2017 4:00,-0.2470255876950589
9/22/2017 5:00,-0.21716535181983224
9/22/2017 6:00,-0.2198799187175799
9/22/2017 7:00,-0.2144507849220847
9/22/2017 8:00,-0.21173621802433634
9/22/2017 9:00,-0.33660629532073955
9/22/2017 10:00,-0.3773247987869589
9/22/2017 11:00,-0.3963267670711936
9/22/2017 12:00,-0.4533326719238993
9/22/2017 13:00,-0.4560472388216477
9/22/2017 14:00,-0.4098996015599331
9/22/2017 15:00,-0.42347243604867263
9/22/2017 16:00,-0.19544881663784847
9/22/2017 17:00,-0.2578838552860508
9/22/2017 18:00,-0.2741712566725379
9/22/2017 19:00,-0.17101771455811776
9/22/2017 20:00,-0.0868661407279323
9/22/2017 21:00,-0.1683031476603702
9/22/2017 22:00,-0.1873051159446049
9/22/2017 23:00,-0.13572834488739516
9/23/2017 0:00,-0.0732933062391935
9/23/2017 1:00,-0.2063070842288404
9/23/2017 2:00,-0.21445078492208391
9/23/2017 3:00,-0.22259448561532824
9/23/2017 4:00,-0.15744488006937826
9/23/2017 5:00,-0.1357283448873952
9/23/2017 6:00,-0.1302992110918992
9/23/2017 7:00,-0.12215551039865565
9/23/2017 8:00,-0.07057873934144518
9/23/2017 9:00,0.05429133795495805
9/23/2017 10:00,0.14387204558063876
9/23/2017 11:00,0.37189566499146215
9/23/2017 12:00,0.4479035381284033
9/23/2017 13:00,0.4560472388216477
9/23/2017 14:00,0.4071850346621855
9/23/2017 15:00,0.4017559008666896
9/23/2017 16:00,0.4044704677644372
9/23/2017 17:00,0.5347696788563363
9/23/2017 18:00,0.5211968443675976
9/23/2017 19:00,0.4533326719238993
9/23/2017 20:00,0.4533326719238993
9/23/2017 21:00,0.4479035381284041
9/23/2017 22:00,0.3746102318892097
9/23/2017 23:00,0.4126141684576807
9/24/2017 0:00,0.2334527532063201
9/24/2017 1:00,0.2660275559792944
9/24/2017 2:00,0.2768858235702863
9/24/2017 3:00,0.4777637740036307
9/24/2017 4:00,0.3746102318892105
9/24/2017 5:00,0.2307381863085718
9/24/2017 6:00,0.2551692883883025
9/24/2017 7:00,0.1465866124783871
9/24/2017 8:00,0.42618700294642026
9/24/2017 9:00,0.14930117937613469
9/24/2017 10:00,0.1275846441941516
9/24/2017 11:00,-0.1493011793761347
9/24/2017 12:00,-0.2225944856153275
9/24/2017 13:00,-0.2307381863085718
9/24/2017 14:00,-0.2198799187175799
9/24/2017 15:00,-0.17644684835361374
9/24/2017 16:00,-0.15201574627388229
9/24/2017 17:00,-0.236167320104067
9/24/2017 18:00,-0.2307381863085718
9/24/2017 19:00,-0.236167320104067
9/24/2017 20:00,-0.2334527532063194
9/24/2017 21:00,-0.2307381863085718
9/24/2017 22:00,-0.15473031317162989
9/24/2017 23:00,-0.19544881663784844
9/25/2017 0:00,-0.013572834488739529
9/25/2017 1:00,-0.0162874013864871
9/25/2017 2:00,0.21173621802433631
9/25/2017 3:00,-0.013572834488739518
9/25/2017 4:00,-0.1357283448873952
9/25/2017 5:00,0.12487007729640325
9/25/2017 6:00,0.09500984142117662
9/25/2017 7:00,0.19001968284235324
9/25/2017 8:00,-0.1683031476603694
9/25/2017 9:00,0.05972047175045327
9/25/2017 10:00,0.010858267590991913
9/25/2017 11:00,0.04886220415946213
9/25/2017 12:00,0.1330137779896468
9/25/2017 13:00,0.1628740138648742
9/25/2017 14:00,0.2470255876950589
9/25/2017 15:00,0.24431102079731054
9/25/2017 16:00,0.3501791298094791
9/25/2017 17:00,0.3393208622184872
9/25/2017 18:00,0.3501791298094791
9/25/2017 19:00,0.24159645389956294
9/25/2017 20:00,0.3393208622184872
9/25/2017 21:00,0.32031889393425245
9/25/2017 22:00,0.5157677105721009
9/25/2017 23:00,0.5374842457540839
9/26/2017 0:00,0.5510570802428235
9/26/2017 1:00,0.5130531436743533
9/26/2017 2:00,0.3067460594455121
9/26/2017 3:00,0.3311771615252444
9/26/2017 4:00,0.3691810980937146
9/26/2017 5:00,0.1954488166378492
9/26/2017 6:00,-0.00814370069324356
9/26/2017 7:00,0.10586810901216777
9/26/2017 8:00,0.13572834488739444
9/26/2017 9:00,0.1818759821491097
9/26/2017 10:00,0.19544881663784847
9/26/2017 11:00,0.22259448561532824
9/26/2017 12:00,0.2063070842288404
9/26/2017 13:00,0.17644684835361302
9/26/2017 14:00,0.07600787313694116
9/26/2017 15:00,0.09500984142117663
9/26/2017 16:00,-0.002714566897748364
9/26/2017 17:00,0.00542913379549595
9/26/2017 18:00,-0.002714566897748364
9/26/2017 19:00,0.10043897521667257
9/26/2017 20:00,0.002714566897748349
9/26/2017 21:00,0.02171653518198308
9/26/2017 22:00,0.04071850346621858
9/26/2017 23:00,-0.038003936568470176
9/27/2017 0:00,-0.15201574627388229
9/27/2017 1:00,-0.09500984142117663
9/27/2017 2:00,-0.12215551039865565
9/27/2017 3:00,-0.057005904852706464
9/27/2017 4:00,0.05429133795495805
9/27/2017 5:00,0.04343307036396615
9/27/2017 6:00,0.1845905490468573
9/27/2017 7:00,0.07600787313694116
9/27/2017 8:00,0.07329330623919354
9/27/2017 9:00,0.07872244003468876
9/27/2017 10:00,0.2334527532063194
9/27/2017 11:00,0.2198799187175799
9/27/2017 12:00,0.20902165112658871
9/27/2017 13:00,0.20902165112658871
9/27/2017 14:00,0.22259448561532744
9/27/2017 15:00,0.20902165112658871
9/27/2017 16:00,0.2008779504333452
9/27/2017 17:00,0.2063070842288404
9/27/2017 18:00,0.3257480277297484
9/27/2017 19:00,0.4180433022531767
9/27/2017 20:00,0.42890156984416783
9/27/2017 21:00,0.3963267670711936
9/27/2017 22:00,0.33932086221848723
9/27/2017 23:00,0.36918109809371386
9/28/2017 0:00,0.4587618057193952
9/28/2017 1:00,0.38003936568470575
9/28/2017 2:00,0.3284625946274968
9/28/2017 3:00,0.23616732010406774
9/28/2017 4:00,0.2253090525130759
9/28/2017 5:00,0.3501791298094791
9/28/2017 6:00,0.4044704677644372
9/28/2017 7:00,0.3963267670711936
9/28/2017 8:00,0.3773247987869581
9/28/2017 9:00,0.3936122001734461
9/28/2017 10:00,0.22259448561532824
9/28/2017 11:00,0.06514960554594923
9/28/2017 12:00,0.038003936568470176
9/28/2017 13:00,0.00814370069324355
9/28/2017 14:00,0.054291337954958115
9/28/2017 15:00,0.05700590485270567
9/28/2017 16:00,0.005429133795495922
9/28/2017 17:00,0.002714566897748349
9/28/2017 18:00,-0.11944094350090735
9/28/2017 19:00,-0.1981633835355968
9/28/2017 20:00,-0.21716535181983154
9/28/2017 21:00,-0.18459054904685732
9/28/2017 22:00,-0.33389172842299125
9/28/2017 23:00,-0.3067460594455122
9/29/2017 0:00,-0.33389172842299203
9/29/2017 1:00,-0.2768858235702856
9/29/2017 2:00,-0.2253090525130758
9/29/2017 3:00,-0.2796003904680339
9/29/2017 4:00,-0.3800393656847065
9/29/2017 5:00,-0.5537716471405718
9/29/2017 6:00,-0.5782027492203026
9/29/2017 7:00,-0.5347696788563364
9/29/2017 8:00,-0.5130531436743533
9/29/2017 9:00,-0.5374842457540848
9/29/2017 10:00,-0.5103385767766057
9/29/2017 11:00,-0.26331298908154604
9/29/2017 12:00,-0.16287401386487346
9/29/2017 13:00,-0.17644684835361374
9/29/2017 14:00,-0.2253090525130759
9/29/2017 15:00,-0.2443110207973106
9/29/2017 16:00,-0.2063070842288411
9/29/2017 17:00,-0.2063070842288411
9/29/2017 18:00,-0.2063070842288411
9/29/2017 19:00,-0.21173621802433634
9/29/2017 20:00,-0.06514960554594995
9/29/2017 21:00,-0.05972047175045402
9/29/2017 22:00,-0.06786417244369762
9/29/2017 23:00,-0.06786417244369762
9/30/2017 0:00,-0.0352893696707226
9/30/2017 1:00,-0.0162874013864871
9/30/2017 2:00,-0.019001968284235504
9/30/2017 3:00,0.05972047175045402
9/30/2017 4:00,0.16015944696712658
9/30/2017 5:00,0.2605984221837984
9/30/2017 6:00,0.29045865805902504
9/30/2017 7:00,0.2578838552860508
9/30/2017 8:00,0.2605984221837984
9/30/2017 9:00,0.2660275559792944
9/30/2017 10:00,0.2605984221837984
9/30/2017 11:00,0.21716535181983224
9/30/2017 12:00,0.14387204558063876
9/30/2017 13:00,0.1845905490468573
9/30/2017 14:00,0.1818759821491097
9/30/2017 15:00,0.20087795043334444
9/30/2017 16:00,0.2144507849220847
9/30/2017 17:00,0.2144507849220847
9/30/2017 18:00,0.2144507849220847
9/30/2017 19:00,0.20902165112658871
9/30/2017 20:00,0.04886220415946208
9/30/2017 21:00,0.03800393656847095
9/30/2017 22:00,0.03800393656847095
9/30/2017 23:00,0.03800393656847095
10/1/2017 0:00,0.03800393656847095
10/1/2017 1:00,0.0325748027729742
10/1/2017 2:00,0.024431102079730704
10/1/2017 3:00,-0.029860235875227376
10/1/2017 4:00,-0.029860235875227376
10/1/2017 5:00,-0.08143700693243633
10/1/2017 6:00,-0.08143700693243708
10/1/2017 7:00,-0.08415157383018543
10/1/2017 8:00,-0.08415157383018468
10/1/2017 9:00,-0.08415157383018468
10/1/2017 10:00,-0.10586810901216777
10/1/2017 11:00,-0.0950098414211766
10/1/2017 12:00,-0.0624350386482016
10/1/2017 13:00,-0.06514960554594923
10/1/2017 14:00,-0.062435038648201664
10/1/2017 15:00,-0.02443110207973148
10/1/2017 16:00,-0.02986023587522668
10/1/2017 17:00,-0.02986023587522668
10/1/2017 18:00,0.11944094350090728
10/1/2017 19:00,0.2986023587522694
10/1/2017 20:00,0.3230334608320008
10/1/2017 21:00,0.2660275559792937
10/1/2017 22:00,0.2660275559792937
10/1/2017 23:00,0.2660275559792937
10/2/2017 0:00,0.2660275559792937
10/2/2017 1:00,0.2687421228770428
10/2/2017 2:00,0.27417125667253794
10/2/2017 3:00,0.3257480277297484
10/2/2017 4:00,0.32846259462749605
10/2/2017 5:00,0.3420354291162348
10/2/2017 6:00,0.35289369670722737
10/2/2017 7:00,0.2904586580590258
10/2/2017 8:00,0.25788385528605084
10/2/2017 9:00,0.25788385528605084
10/2/2017 10:00,0.27417125667253794
10/2/2017 11:00,0.21987991871757984
10/2/2017 12:00,0.12487007729640325
10/2/2017 13:00,0.06514960554594923
10/2/2017 14:00,0.06514960554594923
10/2/2017 15:00,0.019001968284235504
10/2/2017 16:00,-0.027145668977479
10/2/2017 17:00,0.575488182322555
10/2/2017 18:00,-0.2497401545928065
10/2/2017 19:00,-0.4261870029464209
10/2/2017 20:00,-0.42618700294642103
10/2/2017 21:00,-0.4017559008666888
10/2/2017 22:00,-0.4017559008666888
10/2/2017 23:00,-0.4017559008666888
10/3/2017 0:00,-0.4017559008666888
10/3/2017 1:00,-0.4098996015599332
10/3/2017 2:00,-0.4017559008666888
10/3/2017 3:00,-0.3990413339689412
10/3/2017 4:00,-0.3040314925477646
10/3/2017 5:00,-0.30131692565001694
10/3/2017 6:00,-0.393612200173446
10/3/2017 7:00,-0.38275393258245416
10/3/2017 8:00,-0.4859074746968743
10/3/2017 9:00,-0.1465866124783871
10/3/2017 10:00,-0.4316161367419162
10/3/2017 11:00,-0.4696200733103871
10/3/2017 12:00,-0.4098996015599332
10/3/2017 13:00,-0.3474645629117307
10/3/2017 14:00,-0.3474645629117307
10/3/2017 15:00,-0.3366062953207396
10/3/2017 16:00,-0.2850295242635299
10/3/2017 17:00,-0.8876633755635639
10/3/2017 18:00,-0.20902165112658871
10/3/2017 19:00,-0.2008779504333444
10/3/2017 20:00,-0.21716535181983154
10/3/2017 21:00,-0.17644684835361374
10/3/2017 22:00,-0.17916141525136134
10/3/2017 23:00,-0.15744488006937826
10/4/2017 0:00,-0.16830314766037016
10/4/2017 1:00,-0.16830314766037016
10/4/2017 2:00,-0.23616732010406774
10/4/2017 3:00,-0.16830314766037016
10/4/2017 4:00,-0.27417125667253794
10/4/2017 5:00,-0.268742122877042
10/4/2017 6:00,-0.1737322814558654
10/4/2017 7:00,-0.1167263766031597
10/4/2017 8:00,0.0
10/4/2017 9:00,-0.3366062953207396
10/4/2017 10:00,-0.048862204159462116
10/4/2017 11:00,0.005429133795495958
10/4/2017 12:00,0.005429133795495958
10/4/2017 13:00,-0.1275846441941516
10/4/2017 14:00,-0.2633129890815468
10/4/2017 15:00,-0.2660275559792944
10/4/2017 16:00,-0.268742122877042
10/4/2017 17:00,-0.08686614072793307
10/4/2017 18:00,-0.05700590485270567
10/4/2017 19:00,-0.06514960554594998
10/4/2017 20:00,-0.07057873934144594
10/4/2017 21:00,-0.05157677105721047
10/4/2017 22:00,-0.0814370069324371
10/4/2017 23:00,-0.21716535181983224
10/5/2017 0:00,-0.2063070842288404
10/5/2017 1:00,-0.2063070842288404
10/5/2017 2:00,-0.14115747868289036
10/5/2017 3:00,-0.2171653518198323
10/5/2017 4:00,-0.21173621802433634
10/5/2017 5:00,-0.2605984221837984
10/5/2017 6:00,-0.2633129890815468
10/5/2017 7:00,-0.2796003904680339
10/5/2017 8:00,-0.2633129890815468
10/5/2017 9:00,-0.2063070842288404
10/5/2017 10:00,-0.22530905251307584
10/5/2017 11:00,-0.22530905251307584
10/5/2017 12:00,-0.1493011793761347
10/5/2017 13:00,0.05972047175045402
10/5/2017 14:00,0.1873051159446049
10/5/2017 15:00,0.22802361941082344
10/5/2017 16:00,0.21445078492208391
10/5/2017 17:00,-0.0461476372617145
10/5/2017 18:00,-0.08958070762568067
10/5/2017 19:00,-0.16830314766037016
10/5/2017 20:00,-0.1547303131716299
10/5/2017 21:00,-0.2551692883883018
10/5/2017 22:00,-0.1628740138648742
10/5/2017 23:00,-0.0678641724436976
10/6/2017 0:00,-0.027145668977479803
10/6/2017 1:00,-0.024431102079731426
10/6/2017 2:00,-0.021716535181983826
10/6/2017 3:00,-0.0135728344887395
10/6/2017 4:00,-0.0108582675909919
10/6/2017 5:00,0.032574802772975
10/6/2017 6:00,0.040718503466218525
10/6/2017 7:00,0.04071850346621855
10/6/2017 8:00,0.04343307036396693
10/6/2017 9:00,-0.010858267590991929
10/6/2017 10:00,0.0162874013864871
10/6/2017 11:00,0.016287401386487876
10/6/2017 12:00,-0.05429133795495805
10/6/2017 13:00,-0.1302992110918992
10/6/2017 14:00,-0.1221555103986549
10/6/2017 15:00,-0.1520157462738823
10/6/2017 16:00,-0.14658661247838636
10/6/2017 17:00,-0.06786417244369683
10/6/2017 18:00,-0.0461476372617145
10/6/2017 19:00,0.15473031317163066
10/6/2017 20:00,0.13029921109189924
10/6/2017 21:00,0.07872244003468876
10/6/2017 22:00,-0.11401180970541215
10/6/2017 23:00,0.0027145668977476283
10/7/2017 0:00,-0.0217165351819823
10/7/2017 1:00,-0.04071850346621855
10/7/2017 2:00,-0.05429133795495808
10/7/2017 3:00,-0.10043897521667186
10/7/2017 4:00,-0.05972047175045327
10/7/2017 5:00,-0.08415157383018547
10/7/2017 6:00,-0.10043897521667183
10/7/2017 7:00,-0.23073818630857185
10/7/2017 8:00,-0.2551692883883032
10/7/2017 9:00,-0.2877440911612775
10/7/2017 10:00,-0.2986023587522687
10/7/2017 11:00,-0.1058681090121678
10/7/2017 12:00,-0.11129724280766376
10/7/2017 13:00,0.14930117937613396
10/7/2017 14:00,0.15201574627388229
10/7/2017 15:00,-0.09229527452342826
10/7/2017 16:00,-0.1818759821491097
10/7/2017 17:00,-0.14930117937613469
10/7/2017 18:00,-0.1818759821491089
10/7/2017 19:00,-0.3827539325824541
10/7/2017 20:00,-0.33389172842299203
10/7/2017 21:00,-0.20902165112658871
10/7/2017 22:00,0.046147637261714565
10/7/2017 23:00,-0.019001968284234727
10/8/2017 0:00,-0.12215551039865567
10/8/2017 1:00,-0.12487007729640325
10/8/2017 2:00,-0.10858267590991537
10/8/2017 3:00,-0.10315354211442017
10/8/2017 4:00,-0.1330137779896476
10/8/2017 5:00,-0.11672637660315972
10/8/2017 6:00,-0.1275846441941516
10/8/2017 7:00,0.04343307036396615
10/8/2017 8:00,0.07057873934144593
10/8/2017 9:00,0.06786417244369758
10/8/2017 10:00,0.02714566897747833
10/8/2017 11:00,-0.19816338353559754
10/8/2017 12:00,-0.18459054904685726
10/8/2017 13:00,-0.3773247987869581
10/8/2017 14:00,-0.3881830663779501
10/8/2017 15:00,-0.13844291178514356
10/8/2017 16:00,-0.21716535181983224
10/8/2017 17:00,-0.2497401545928073
10/8/2017 18:00,-0.2443110207973113
10/8/2017 19:00,-0.22259448561532752
10/8/2017 20:00,-0.28231495736578155
10/8/2017 21:00,-0.3556082636049751
10/8/2017 22:00,-0.4804783409013783
10/8/2017 23:00,-0.5103385767766058
10/9/2017 0:00,-0.4506181050261516
10/9/2017 1:00,-0.4153287353554291
10/9/2017 2:00,-0.2415964538995637
10/9/2017 3:00,-0.1520157462738823
10/9/2017 4:00,-0.236167320104067
10/9/2017 5:00,-0.22802361941082336
10/9/2017 6:00,-0.2307381863085718
10/9/2017 7:00,-0.2796003904680339
10/9/2017 8:00,-0.2986023587522694
10/9/2017 9:00,-0.34474999601398315
10/9/2017 10:00,-0.2605984221837984
10/9/2017 11:00,-0.24159645389956294
10/9/2017 12:00,-0.2687421228770428
10/9/2017 13:00,-0.2850295242635291
10/9/2017 14:00,-0.14658661247838636
10/9/2017 15:00,-0.1384429117851428
10/9/2017 16:00,0.019001968284235504
10/9/2017 17:00,-0.0162874013864871
10/9/2017 18:00,-0.05972047175045402
10/9/2017 19:00,-0.06786417244369758
10/9/2017 20:00,-0.08143700693243705
10/9/2017 21:00,-0.05972047175045402
10/9/2017 22:00,-0.06514960554595006
10/9/2017 23:00,0.0
10/10/2017 0:00,0.0
10/10/2017 1:00,0.04886220415946285
10/10/2017 2:00,-0.11401180970541135
10/10/2017 3:00,-0.1628740138648742
10/10/2017 4:00,0.13029921109189924
10/10/2017 5:00,0.13301377798964753
10/10/2017 6:00,0.36103739740047175
10/10/2017 7:00,0.4777637740036307
10/10/2017 8:00,0.4913366084923703
10/10/2017 9:00,0.54291337954958
10/10/2017 10:00,0.5103385767766049
10/10/2017 11:00,0.5184822774698492
10/10/2017 12:00,0.4886220415946226
10/10/2017 13:00,0.4207578691509243
10/10/2017 14:00,0.2660275559792944
10/10/2017 15:00,0.2470255876950589
10/10/2017 16:00,0.1384429117851435
10/10/2017 17:00,0.30403149254776457
10/10/2017 18:00,0.2796003904680339
10/10/2017 19:00,0.3121751932410082
10/10/2017 20:00,0.4017559008666888
10/10/2017 21:00,0.4587618057193953
10/10/2017 22:00,0.4669055064126389
10/10/2017 23:00,0.3963267670711937
10/11/2017 0:00,0.4180433022531767
10/11/2017 1:00,0.4397598374351598
10/11/2017 2:00,0.4397598374351598
10/11/2017 3:00,0.4343307036396646
10/11/2017 4:00,0.2171653518198315
10/11/2017 5:00,0.2063070842288404
10/11/2017 6:00,0.029860235875225908
10/11/2017 7:00,0.00542913379549595
10/11/2017 8:00,0.0027145668977476
10/11/2017 9:00,0.027145668977479026
10/11/2017 10:00,-0.0054291337954952
10/11/2017 11:00,-0.0814370069324371
10/11/2017 12:00,-0.0461476372617145
10/11/2017 13:00,-0.02986023587522668
10/11/2017 14:00,0.0
10/11/2017 15:00,0.032574802772974976
10/11/2017 16:00,0.2063070842288396
10/11/2017 17:00,0.07329330623919356
10/11/2017 18:00,0.10315354211442017
10/11/2017 19:00,0.1357283448873952
10/11/2017 20:00,0.17373228145586614
10/11/2017 21:00,0.0814370069324371
10/11/2017 22:00,0.07329330623919356
10/11/2017 23:00,0.07872244003468948
10/12/2017 0:00,0.07872244003468948
10/12/2017 1:00,-0.05700590485270567
10/12/2017 2:00,-0.06514960554594995
10/12/2017 3:00,-0.06243503864820237
10/12/2017 4:00,-0.06514960554594923
10/12/2017 5:00,-0.0570059048527064
10/12/2017 6:00,-0.08958070762568066
10/12/2017 7:00,-0.1845905490468573
10/12/2017 8:00,-0.12215551039865565
10/12/2017 9:00,-0.12487007729640325
10/12/2017 10:00,-0.17101771455811776
10/12/2017 11:00,-0.09500984142117663
10/12/2017 12:00,-0.181875982149109
10/12/2017 13:00,-0.08686614072793303
10/12/2017 14:00,-0.08958070762568142
10/12/2017 15:00,-0.17373228145586533
10/12/2017 16:00,-0.2171653518198315
10/12/2017 17:00,-0.29317322495677345
10/12/2017 18:00,-0.236167320104067
10/12/2017 19:00,-0.2388818870018154
10/12/2017 20:00,-0.2361673201040677
10/12/2017 21:00,-0.1438720455806387
10/12/2017 22:00,-0.14387204558063876
10/12/2017 23:00,-0.13572834488739516
10/13/2017 0:00,-0.1438720455806387
10/13/2017 1:00,-0.1520157462738823
10/13/2017 2:00,-0.08958070762568066
10/13/2017 3:00,-0.14930117937613466
10/13/2017 4:00,-0.13029921109189924
10/13/2017 5:00,-0.2633129890815461
10/13/2017 6:00,-0.1411574786828904
10/13/2017 7:00,-0.11944094350090735
10/13/2017 8:00,-0.1818759821491089
10/13/2017 9:00,-0.24159645389956305
10/13/2017 10:00,-0.1411574786828904
10/13/2017 11:00,-0.11401180970541205
10/13/2017 12:00,-0.12487007729640398
10/13/2017 13:00,-0.09772440831892426
10/13/2017 14:00,0.0
10/13/2017 15:00,0.04343307036396615
10/13/2017 16:00,0.027145668977479
10/13/2017 17:00,0.10586810901216852
10/13/2017 18:00,0.04343307036396615
10/13/2017 19:00,-0.0027145668977476283
10/13/2017 20:00,0.040718503466218525
10/13/2017 21:00,-0.043433070363966216
10/13/2017 22:00,-0.05972047175045325
10/13/2017 23:00,0.0868661407279323
10/14/2017 0:00,0.0977244083189242
10/14/2017 1:00,0.07872244003468876
10/14/2017 2:00,0.013572834488740249
10/14/2017 3:00,0.07600787313694185
10/14/2017 4:00,0.054291337954958115
10/14/2017 5:00,0.16830314766036947
10/14/2017 6:00,0.0162874013864871
10/14/2017 7:00,0.0352893696707226
10/14/2017 8:00,0.06514960554595
10/14/2017 9:00,0.12487007729640333
10/14/2017 10:00,0.1520157462738823
10/14/2017 11:00,0.14930117937613466
10/14/2017 12:00,0.2660275559792944
10/14/2017 13:00,0.1411574786828904
10/14/2017 14:00,0.03528936967072338
10/14/2017 15:00,0.029860235875226626
10/14/2017 16:00,0.04886220415946213
10/14/2017 17:00,0.04886220415946213
10/14/2017 18:00,0.11944094350090728
10/14/2017 19:00,0.13844291178514284
10/14/2017 20:00,0.027145668977479054
10/14/2017 21:00,0.10315354211442024
10/14/2017 22:00,0.12487007729640325
10/14/2017 23:00,-0.062435038648201664
10/15/2017 0:00,-0.06786417244369758
10/15/2017 1:00,0.005429133795495977
10/15/2017 2:00,0.01357283448873875
10/15/2017 3:00,0.01357283448873875
10/15/2017 4:00,0.005429133795495977
10/15/2017 5:00,0.021716535181983854
10/15/2017 6:00,0.062435038648201664
10/15/2017 7:00,0.03257480277297503
10/15/2017 8:00,-0.013572834488740249
10/15/2017 9:00,-0.0732933062391935
10/15/2017 10:00,-0.14930117937613469
10/15/2017 11:00,-0.1737322814558654
10/15/2017 12:00,-0.22259448561532744
10/15/2017 13:00,-0.16015944696712592
10/15/2017 14:00,-0.1520157462738823
10/15/2017 15:00,-0.1275846441941509
10/15/2017 16:00,-0.13572834488739516
10/15/2017 17:00,-0.2605984221837985
10/15/2017 18:00,-0.24159645389956294
10/15/2017 19:00,-0.12215551039865565
10/15/2017 20:00,-0.15473031317162994
10/15/2017 21:00,-0.1302992110918993
10/15/2017 22:00,-0.11672637660315972
10/15/2017 23:00,-0.07872244003468876
10/16/2017 0:00,-0.0732933062391935
10/16/2017 1:00,-0.07872244003468948
10/16/2017 2:00,-0.0461476372617145
10/16/2017 3:00,-0.04886220415946208
10/16/2017 4:00,-0.03800393656847095
10/16/2017 5:00,1.3274232129987236
10/16/2017 6:00,1.0152480197577156
10/16/2017 7:00,0.8116555024266227
10/16/2017 8:00,0.42618700294642103
10/16/2017 9:00,0.7763661327559
10/16/2017 10:00,0.7763661327559002
10/16/2017 11:00,0.6922145589257147
10/16/2017 12:00,0.7465058968806727
10/16/2017 13:00,0.5239114112653452
10/16/2017 14:00,0.4669055064126388
10/16/2017 15:00,0.5727736154248066
10/16/2017 16:00,0.564629914731563
10/16/2017 17:00,0.4370452705374122
10/16/2017 18:00,0.4071850346621855
10/16/2017 19:00,0.28231495736578144
10/16/2017 20:00,0.34474999601398315
10/16/2017 21:00,0.3528936967072275
10/16/2017 22:00,0.3420354291162355
10/16/2017 23:00,0.3746102318892098
10/17/2017 0:00,0.7139310941076984
10/17/2017 1:00,0.6759271575392275
10/17/2017 2:00,0.6053484181977824
10/17/2017 3:00,0.5239114112653445
10/17/2017 4:00,0.5021948760833613
10/17/2017 5:00,-0.694929125823463
10/17/2017 6:00,-0.6189212526865219
10/17/2017 7:00,-0.3528936967072274
10/17/2017 8:00,0.019001968284234724
10/17/2017 9:00,-0.33117716152524435
10/17/2017 10:00,-0.027145668977479772
10/17/2017 11:00,-0.0787224400346895
10/17/2017 12:00,-0.3067460594455129
10/17/2017 13:00,-0.12215551039865567
10/17/2017 14:00,-0.11944094350090805
10/17/2017 15:00,-0.24159645389956294
10/17/2017 16:00,-0.22802361941082344
10/17/2017 17:00,0.0
10/17/2017 18:00,0.0
10/17/2017 19:00,0.1330137779896476
10/17/2017 20:00,0.09229527452342826
10/17/2017 21:00,0.07057873934144519
10/17/2017 22:00,0.05700590485270567
10/17/2017 23:00,0.016287401386487876
10/18/2017 0:00,-0.3393208622184879
10/18/2017 1:00,-0.5076240098788574
10/18/2017 2:00,-0.3121751932410089
10/18/2017 3:00,-0.23888188700181465
10/18/2017 4:00,-0.1900196828423525
10/18/2017 5:00,-0.4316161367419161
10/18/2017 6:00,-0.22802361941082344
10/18/2017 7:00,-0.3963267670711936
10/18/2017 8:00,-0.3610373974004703
10/18/2017 9:00,-0.2660275559792944
10/18/2017 10:00,-0.564629914731563
10/18/2017 11:00,-0.4506181050261517
10/18/2017 12:00,-0.2280236194108234
10/18/2017 13:00,-0.2551692883883032
10/18/2017 14:00,-0.23616732010406705
10/18/2017 15:00,-0.16015944696712586
10/18/2017 16:00,0.04343307036396615
10/18/2017 17:00,0.04614763726171375
10/18/2017 18:00,0.04071850346621855
10/18/2017 19:00,-0.06786417244369759
10/18/2017 20:00,-0.11672637660315968
10/18/2017 21:00,-0.048862204159462116
10/18/2017 22:00,-0.03800393656847095
10/18/2017 23:00,-0.03800393656847095
10/19/2017 0:00,-0.01900196828423548
10/19/2017 1:00,0.203592517331092
10/19/2017 2:00,0.008143700693244299
10/19/2017 3:00,0.01900196828423548
10/19/2017 4:00,0.07329330623919281
10/19/2017 5:00,0.14658661247838636
10/19/2017 6:00,0.171017714558117
10/19/2017 7:00,0.2823149573657815
10/19/2017 8:00,0.44247440433290736
10/19/2017 9:00,0.37461023188921055
10/19/2017 10:00,0.4343307036396638
10/19/2017 11:00,0.4587618057193952
10/19/2017 12:00,0.42890156984416783
10/19/2017 13:00,0.4587618057193952
10/19/2017 14:00,0.36375196429821866
10/19/2017 15:00,0.3013169256500169
10/19/2017 16:00,0.15744488006937826
10/19/2017 17:00,0.14387204558063876
10/19/2017 18:00,0.11129724280766372
10/19/2017 19:00,0.09500984142117663
10/19/2017 20:00,0.20359251733109274
10/19/2017 21:00,0.12758464419415086
10/19/2017 22:00,0.14930117937613469
10/19/2017 23:00,0.00542913379549595
10/20/2017 0:00,0.002714566897748349
10/20/2017 1:00,0.21173621802433634
10/20/2017 2:00,0.2524547214905541
10/20/2017 3:00,0.22802361941082344
10/20/2017 4:00,0.14115747868289116
10/20/2017 5:00,0.124870077296404
10/20/2017 6:00,0.11944094350090805
10/20/2017 7:00,0.0868661407279323
10/20/2017 8:00,-0.02714566897747904
10/20/2017 9:00,0.00814370069324356
10/20/2017 10:00,-0.10043897521667183
10/20/2017 11:00,-0.08686614072793307
10/20/2017 12:00,-0.06514960554594998
10/20/2017 13:00,-0.10043897521667183
10/20/2017 14:00,0.24431102079731054
10/20/2017 15:00,0.22530905251307584
10/20/2017 16:00,-0.0732933062391928
10/20/2017 17:00,-0.11129724280766376
10/20/2017 18:00,0.038003936568470204
10/20/2017 19:00,0.6542106223572437
10/20/2017 20:00,-0.07057873934144594
10/20/2017 21:00,-0.1845905490468573
10/20/2017 22:00,-0.2063070842288404
10/20/2017 23:00,-0.05972047175045402
10/21/2017 0:00,0.019001968284234727
10/21/2017 1:00,-0.19273424974010084
10/21/2017 2:00,-0.2524547214905541
10/21/2017 3:00,-0.2443110207973113
10/21/2017 4:00,-0.22530905251307584
10/21/2017 5:00,-0.2687421228770428
10/21/2017 6:00,-0.4804783409013783
10/21/2017 7:00,-0.2497401545928065
10/21/2017 8:00,-0.3773247987869581
10/21/2017 9:00,-0.3800393656847057
10/21/2017 10:00,-0.3176043270365049
10/21/2017 11:00,-0.34474999601398315
10/21/2017 12:00,-0.3990413339689413
10/21/2017 13:00,-0.5266259781630929
10/21/2017 14:00,-0.7709369989604034
10/21/2017 15:00,-0.7410767630851776
10/21/2017 16:00,-0.4886220415946226
10/21/2017 17:00,-0.4234724360486726
10/21/2017 18:00,-0.5890610168112944
10/21/2017 19:00,-1.1808366005203366
10/21/2017 20:00,-0.3610373974004703
10/21/2017 21:00,-0.21173621802433634
10/21/2017 22:00,-0.1465866124783863
10/21/2017 23:00,-0.11944094350090728
10/22/2017 0:00,-0.19544881663784844
10/22/2017 1:00,-0.19544881663784847
10/22/2017 2:00,-0.1493011793761347
10/22/2017 3:00,-0.1357283448873952
10/22/2017 4:00,-0.1493011793761347
10/22/2017 5:00,-0.0868661407279323
10/22/2017 6:00,0.12487007729640325
10/22/2017 7:00,-0.07329330623919278
10/22/2017 8:00,-0.010858267590991176
10/22/2017 9:00,-0.10315354211442017
10/22/2017 10:00,-0.12758464419415086
10/22/2017 11:00,-0.2904586580590251
10/22/2017 12:00,-0.22802361941082344
10/22/2017 13:00,0.14658661247838636
10/22/2017 14:00,0.2524547214905549
10/22/2017 15:00,0.4261870029464209
10/22/2017 16:00,0.4098996015599331
10/22/2017 17:00,0.3176043270365048
10/22/2017 18:00,0.32846259462749605
10/22/2017 19:00,0.16015944696712664
10/22/2017 20:00,-0.04071850346621858
10/22/2017 21:00,-0.07329330623919272
10/22/2017 22:00,-0.13301377798964764
10/22/2017 23:00,-0.00814370069324355
10/23/2017 0:00,-0.016287401386487155
10/23/2017 1:00,-0.0814370069324371
10/23/2017 2:00,-0.0814370069324371
10/23/2017 3:00,-0.1085826759099161
10/23/2017 4:00,-0.12758464419415086
10/23/2017 5:00,-0.0814370069324371
10/23/2017 6:00,-0.09229527452342824
10/23/2017 7:00,-0.12215551039865565
10/23/2017 8:00,-0.14930117937613466
10/23/2017 9:00,-0.12215551039865565
10/23/2017 10:00,-0.09500984142117658
10/23/2017 11:00,0.0705787393414452
10/23/2017 12:00,0.054291337954958115
10/23/2017 13:00,-0.22259448561532744
10/23/2017 14:00,-0.2877440911612775
10/23/2017 15:00,-0.5700590485270598
10/23/2017 16:00,-0.5021948760833614
10/23/2017 17:00,-0.393612200173446
10/23/2017 18:00,-0.3501791298094791
10/23/2017 19:00,-0.2768858235702863
10/23/2017 20:00,-0.2388818870018153
10/23/2017 21:00,-0.2144507849220847
10/23/2017 22:00,-0.2117362180243363
10/23/2017 23:00,-0.2823149573657823
10/24/2017 0:00,-0.3094606263432613
10/24/2017 1:00,0.14930117937613474
10/24/2017 2:00,0.23345275320631945
10/24/2017 3:00,0.29317322495677345
10/24/2017 4:00,0.20902165112658794
10/24/2017 5:00,0.11672637660315972
10/24/2017 6:00,0.12215551039865565
10/24/2017 7:00,0.2470255876950589
10/24/2017 8:00,0.2524547214905548
10/24/2017 9:00,0.2388818870018153
10/24/2017 10:00,0.2443110207973113
10/24/2017 11:00,0.21716535181983224
10/24/2017 12:00,0.22802361941082344
10/24/2017 13:00,0.2497401545928065
10/24/2017 14:00,0.4533326719238993
10/24/2017 15:00,0.5456279464473284
10/24/2017 16:00,0.3528936967072268
10/24/2017 17:00,0.3203188939342524
10/24/2017 18:00,0.3040314925477653
10/24/2017 19:00,0.44247440433290736
10/24/2017 20:00,0.4750492071058832
10/24/2017 21:00,0.2958877918545217
10/24/2017 22:00,0.42075786915092506
10/24/2017 23:00,0.36103739740047097
10/25/2017 0:00,0.3691810980937146
10/25/2017 1:00,-0.04343307036396693
10/25/2017 2:00,-0.2253090525130758
10/25/2017 3:00,-0.27417125667253794
10/25/2017 4:00,-0.20902165112658794
10/25/2017 5:00,-0.20902165112658871
10/25/2017 6:00,-0.2008779504333452
10/25/2017 7:00,-0.2904586580590258
10/25/2017 8:00,0.013572834488739529
10/25/2017 9:00,0.09500984142117663
10/25/2017 10:00,0.08958070762568066
10/25/2017 11:00,-0.24974015459280724
10/25/2017 12:00,-0.274171256672538
10/25/2017 13:00,-0.1981633835355968
10/25/2017 14:00,-0.42347243604867263
10/25/2017 15:00,-0.4397598374351597
10/25/2017 16:00,-0.274171256672538
10/25/2017 17:00,-0.29317322495677345
10/25/2017 18:00,-0.1628740138648742
10/25/2017 19:00,-0.2117362180243356
10/25/2017 20:00,-0.22802361941082425
10/25/2017 21:00,-0.07057873934144593
10/25/2017 22:00,-0.2551692883883032
10/25/2017 23:00,-0.3067460594455129
10/26/2017 0:00,-0.32846259462749605
10/26/2017 1:00,-0.2850295242635291
10/26/2017 2:00,-0.22802361941082344
10/26/2017 3:00,-0.26602755597929434
10/26/2017 4:00,-0.2144507849220847
10/26/2017 5:00,-0.1411574786828904
10/26/2017 6:00,-0.1818759821491089
10/26/2017 7:00,-0.16830314766036947
10/26/2017 8:00,-0.45333267192390003
10/26/2017 9:00,-0.4424744043329081
10/26/2017 10:00,-0.44518897123065576
10/26/2017 11:00,-0.05429133795495733
10/26/2017 12:00,-0.019001968284235504
10/26/2017 13:00,-0.21987991871757995
10/26/2017 14:00,-0.1275846441941516
10/26/2017 15:00,-0.12215551039865567
10/26/2017 16:00,-0.1954488166378484
10/26/2017 17:00,-0.15201574627388226
10/26/2017 18:00,-0.2633129890815468
10/26/2017 19:00,-0.2198799187175806
10/26/2017 20:00,-0.2253090525130758
10/26/2017 21:00,-0.2551692883883025
10/26/2017 22:00,-0.1384429117851428
10/26/2017 23:00,-0.10858267590991544
10/27/2017 0:00,-0.10043897521667187
10/27/2017 1:00,-0.08143700693243716
10/27/2017 2:00,-0.040718503466218636
10/27/2017 3:00,-0.010858267590991176
10/27/2017 4:00,-0.0352893696707226
10/27/2017 5:00,-0.0732933062391935
10/27/2017 6:00,-0.0570059048527064
10/27/2017 7:00,-0.032574802772974976
10/27/2017 8:00,-0.05972047175045336
10/27/2017 9:00,-0.04886220415946208
10/27/2017 10:00,-0.05157677105721048
10/27/2017 11:00,-0.11129724280766452
10/27/2017 12:00,-0.14930117937613385
10/27/2017 13:00,-0.019001968284235397
10/27/2017 14:00,-0.08143700693243716
10/27/2017 15:00,-0.062435038648201664
10/27/2017 16:00,-0.04886220415946208
10/27/2017 17:00,-0.0732933062391935
10/27/2017 18:00,-0.1411574786828904
10/27/2017 19:00,-0.12215551039865492
10/27/2017 20:00,-0.1194409435009074
10/27/2017 21:00,-0.05157677105721048
10/27/2017 22:00,-0.14930117937613474
10/27/2017 23:00,-0.15201574627388306
10/28/2017 0:00,0.1058681090121678
10/28/2017 1:00,-0.054291337954958
10/28/2017 2:00,-0.2497401545928072
10/28/2017 3:00,-0.2307381863085718
10/28/2017 4:00,-0.21987991871757984
10/28/2017 5:00,-0.2117362180243363
10/28/2017 6:00,-0.1873051159446049
10/28/2017 7:00,-0.0380039365684709
10/28/2017 8:00,-0.10586810901216848
10/28/2017 9:00,-0.029860235875227462
10/28/2017 10:00,-0.2063070842288404
10/28/2017 11:00,-0.15473031317162989
10/28/2017 12:00,-0.04343307036396693
10/28/2017 13:00,-0.1194409435009074
10/28/2017 14:00,-0.1411574786828904
10/28/2017 15:00,-0.0732933062391935
10/28/2017 16:00,-0.046147637261714565
10/28/2017 17:00,0.0380039365684709
10/28/2017 18:00,0.10315354211442017
10/28/2017 19:00,0.04343307036396615
10/28/2017 20:00,0.04343307036396626
10/28/2017 21:00,0.005429133795496033
10/28/2017 22:00,0.0352893696707226
10/28/2017 23:00,0.04343307036396693
10/29/2017 0:00,-0.20359251733109274
10/29/2017 1:00,-0.10858267590991623
10/29/2017 2:00,0.016287401386487876
10/29/2017 3:00,0.024431102079731426
10/29/2017 4:00,0.09772440831892416
10/29/2017 5:00,0.06786417244369758
10/29/2017 6:00,0.04343307036396615
10/29/2017 7:00,-0.06786417244369758
10/29/2017 8:00,-0.0027145668977476283
10/29/2017 9:00,-0.10043897521667178
10/29/2017 10:00,0.0352893696707226
10/29/2017 11:00,0.027145668977479054
10/29/2017 12:00,-0.040718503466218525
10/29/2017 13:00,0.04886220415946218
10/29/2017 14:00,0.19001968284235327
10/29/2017 15:00,0.10315354211442017
10/29/2017 16:00,0.10043897521667257
10/29/2017 17:00,0.10043897521667187
10/29/2017 18:00,0.10043897521667187
10/29/2017 19:00,0.3176043270365041
10/29/2017 20:00,0.31217519324100884
10/29/2017 21:00,0.2877440911612774
10/29/2017 22:00,0.14930117937613474
10/29/2017 23:00,0.11401180970541135
10/30/2017 0:00,0.1085826759099161
10/30/2017 1:00,0.09229527452342834
10/30/2017 2:00,0.20087795043334436
10/30/2017 3:00,0.2578838552860501
10/30/2017 4:00,0.2415964538995637
10/30/2017 5:00,0.26331298908154604
10/30/2017 6:00,0.2904586580590258
10/30/2017 7:00,0.2117362180243363
10/30/2017 8:00,0.19001968284235327
10/30/2017 9:00,0.1384429117851428
10/30/2017 10:00,0.2877440911612775
10/30/2017 11:00,0.11672637660315965
10/30/2017 12:00,0.2470255876950589
10/30/2017 13:00,0.22802361941082336
10/30/2017 14:00,0.02443110207973076
10/30/2017 15:00,-0.005429133795496033
10/30/2017 16:00,0.0
10/30/2017 17:00,-0.09772440831892426
10/30/2017 18:00,-0.062435038648201664
10/30/2017 19:00,-0.279600390468034
10/30/2017 20:00,-0.3040314925477653
10/30/2017 21:00,-0.2578838552860501
10/30/2017 22:00,-0.1058681090121678
10/30/2017 23:00,-0.04886220415946208
10/31/2017 0:00,0.024431102079731426
10/31/2017 1:00,0.032574802772974976
10/31/2017 2:00,-0.029860235875226567
10/31/2017 3:00,-0.0868661407279323
10/31/2017 4:00,-0.13301377798964753
10/31/2017 5:00,-0.12215551039865492
10/31/2017 6:00,-0.12487007729640333
10/31/2017 7:00,-0.1574448800693783
10/31/2017 8:00,-0.07872244003468952
10/31/2017 9:00,-0.027145668977479054
10/31/2017 10:00,-0.13301377798964684
10/31/2017 11:00,-0.010858267590991956
10/31/2017 12:00,-0.1737322814558654
10/31/2017 13:00,-0.16830314766037013
10/31/2017 14:00,-0.09772440831892426
10/31/2017 15:00,-0.0732933062391935
10/31/2017 16:00,-0.16015944696712658
10/31/2017 17:00,-0.11672637660315975
10/31/2017 18:00,-0.1791614152513613
10/31/2017 19:00,-0.1791614152513613
10/31/2017 20:00,-0.24974015459280666
10/31/2017 21:00,0.040718503466218525
10/31/2017 22:00,-0.24431102079731135
10/31/2017 23:00,-0.3501791298094792
11/1/2017 0:00,-0.3881830663779501
11/1/2017 1:00,-0.36375196429821866
11/1/2017 2:00,-0.34746456291173144
11/1/2017 3:00,-0.3583228305027235
11/1/2017 4:00,-0.3637519642982188
11/1/2017 5:00,-0.3474645629117316
11/1/2017 6:00,-0.2144507849220847
11/1/2017 7:00,-0.3203188939342516
11/1/2017 8:00,-0.3176043270365042
11/1/2017 9:00,-0.4831929077991267
11/1/2017 10:00,-0.5429133795495806
11/1/2017 11:00,-0.3610373974004709
11/1/2017 12:00,-0.43433070363966375
11/1/2017 13:00,-0.4587618057193944
11/1/2017 14:00,-0.4859074746968742
11/1/2017 15:00,-0.553771647140571
11/1/2017 16:00,-0.4098996015599332
11/1/2017 17:00,-0.4696200733103871
11/1/2017 18:00,-0.4560472388216477
11/1/2017 19:00,-0.4316161367419161
11/1/2017 20:00,-0.2470255876950589
11/1/2017 21:00,-0.7166456610054459
11/1/2017 22:00,-0.5754881823225548
11/1/2017 23:00,-0.4153287353554291
11/2/2017 0:00,-0.3718956649914622
11/2/2017 1:00,-0.3936122001734459
11/2/2017 2:00,-0.3420354291162355
11/2/2017 3:00,-0.32574802772974754
11/2/2017 4:00,-0.4234724360486726
11/2/2017 5:00,-0.43704527053741216
11/2/2017 6:00,-0.5211968443675968
11/2/2017 7:00,-0.35017912980947985
11/2/2017 8:00,-0.5021948760833621
11/2/2017 9:00,-0.279600390468034
11/2/2017 10:00,-0.5266259781630929
11/2/2017 11:00,-0.04886220415946218
11/2/2017 12:00,-0.14658661247838722
11/2/2017 13:00,-0.3203188939342525
11/2/2017 14:00,-0.21445078492208405
11/2/2017 15:00,0.17373228145586528
11/2/2017 16:00,0.010858267590992066
11/2/2017 17:00,-0.13572834488739538
11/2/2017 18:00,-0.16015944696712592
11/2/2017 19:00,-0.11401180970541147
11/2/2017 20:00,-0.1628740138648741
11/2/2017 21:00,-0.019001968284235504
11/2/2017 22:00,0.0922952745234289
11/2/2017 23:00,-0.12215551039865558
11/3/2017 0:00,0.12487007729640333
11/3/2017 1:00,0.1275846441941515
11/3/2017 2:00,0.06243503864820155
11/3/2017 3:00,0.12758464419415086
11/3/2017 4:00,0.23345275320631956
11/3/2017 5:00,0.19001968284235327
11/3/2017 6:00,0.005429133795495922
11/3/2017 7:00,-0.0515767710572097
11/3/2017 8:00,0.16015944696712658
11/3/2017 9:00,0.0895807076256816
11/3/2017 10:00,0.36103739740047097
11/3/2017 11:00,-0.36103739740047097
11/3/2017 12:00,-0.10043897521667257
11/3/2017 13:00,0.108582675909916
11/3/2017 14:00,-0.06514960554594995
11/3/2017 15:00,-0.3691810980937145
11/3/2017 16:00,-0.3746102318892106
11/3/2017 17:00,-0.10858267590991533
11/3/2017 18:00,-0.10315354211442007
11/3/2017 19:00,-0.13572834488739516
11/3/2017 20:00,-0.2253090525130759
11/3/2017 21:00,-0.1058681090121678
11/3/2017 22:00,-0.054291337954958115
11/3/2017 23:00,0.10043897521667257
11/4/2017 0:00,-0.10858267590991623
11/4/2017 1:00,-0.08958070762568071
11/4/2017 2:00,-0.05972047175045402
11/4/2017 3:00,-0.2090216511265881
11/4/2017 4:00,-0.2225944856153277
11/4/2017 5:00,-0.21987991871757995
11/4/2017 6:00,-0.05157677105721037
11/4/2017 7:00,0.043433070363966035
11/4/2017 8:00,-0.024431102079731426
11/4/2017 9:00,-0.05700590485270651
11/4/2017 10:00,0.0027145668977475172
11/4/2017 11:00,0.11944094350090805
11/4/2017 12:00,0.07600787313694203
11/4/2017 13:00,0.2063070842288404
11/4/2017 14:00,0.2660275559792944
11/4/2017 15:00,0.21987991871757973
11/4/2017 16:00,0.30946062634326066
11/4/2017 17:00,0.22802361941082336
11/4/2017 18:00,0.24159645389956294
11/4/2017 19:00,0.21445078492208405
11/4/2017 20:00,0.22802361941082336
11/4/2017 21:00,0.08143700693243705
11/4/2017 22:00,0.04886220415946218
11/4/2017 23:00,0.0
11/5/2017 0:00,-0.09229527452342824
11/5/2017 1:00,-0.06514960554594995
11/5/2017 2:00,-0.07600787313694113
11/5/2017 3:00,0.2090216511265881
11/5/2017 4:00,-0.04886220415946197
11/5/2017 5:00,0.09772440831892436
11/5/2017 6:00,0.032574802772974865
11/5/2017 7:00,-0.11944094350090716
11/5/2017 8:00,-0.0515767710572097
11/5/2017 9:00,-0.06786417244369748
11/5/2017 10:00,-0.16287401386487346
11/5/2017 11:00,-0.10315354211442007
11/5/2017 12:00,-0.12758464419415172
11/5/2017 13:00,-0.3257480277297484
11/5/2017 14:00,-0.2605984221837985
11/5/2017 15:00,-0.2660275559792944
11/5/2017 16:00,-0.21716535181983246
11/5/2017 17:00,-0.2063070842288404
11/5/2017 18:00,-0.24159645389956294
11/5/2017 19:00,-0.2687421228770421
11/5/2017 20:00,-0.2307381863085711
11/5/2017 21:00,-0.2008779504333451
11/5/2017 22:00,-0.18459054904685732
11/5/2017 23:00,0.2633129890815469
11/6/2017 0:00,1.3165649454077315
11/6/2017 1:00,0.7139310941076985
11/6/2017 2:00,0.8116555024266227
11/6/2017 3:00,0.36375196429821854
11/6/2017 4:00,0.6216358195842686
11/6/2017 5:00,0.4289015698441685
11/6/2017 6:00,0.3311771615252437
11/6/2017 7:00,0.42075786915092417
11/6/2017 8:00,0.2823149573657815
11/6/2017 9:00,0.3746102318892104
11/6/2017 10:00,0.5890610168112944
11/6/2017 11:00,0.7085019603122017
11/6/2017 12:00,0.613492118891026
11/6/2017 13:00,0.5700590485270598
11/6/2017 14:00,0.4669055064126389
11/6/2017 15:00,0.5999192844022865
11/6/2017 16:00,0.6216358195842695
11/6/2017 17:00,0.3963267670711936
11/6/2017 18:00,0.4479035381284033
11/6/2017 19:00,0.4316161367419161
11/6/2017 20:00,0.4723346402081348
11/6/2017 21:00,0.5374842457540847
11/6/2017 22:00,0.6243503864820164
11/6/2017 23:00,0.12487007729640308
11/7/2017 0:00,-0.8768051079725718
11/7/2017 1:00,-0.29588779185452097
11/7/2017 2:00,-0.4098996015599331
11/7/2017 3:00,-0.1873051159446049
11/7/2017 4:00,-0.18459054904685732
11/7/2017 5:00,-0.08958070762568138
11/7/2017 6:00,0.05972047175045402
11/7/2017 7:00,0.05700590485270651
11/7/2017 8:00,0.062435038648201775
11/7/2017 9:00,0.021716535181983018
11/7/2017 10:00,-0.130299211091899
11/7/2017 11:00,-0.3121751932410081
11/7/2017 12:00,-0.22259448561532824
11/7/2017 13:00,-0.11944094350090805
11/7/2017 14:00,-0.08143700693243705
11/7/2017 15:00,-0.2117362180243363
11/7/2017 16:00,-0.36375196429821854
11/7/2017 17:00,-0.16015944696712658
11/7/2017 18:00,-0.12487007729640333
11/7/2017 19:00,-0.07600787313694113
11/7/2017 20:00,-0.14658661247838636
11/7/2017 21:00,-0.2063070842288404
11/7/2017 22:00,-0.2578838552860501
11/7/2017 23:00,-0.17101771455811776
11/8/2017 0:00,-0.21716535181983246
11/8/2017 1:00,-0.07329330623919361
11/8/2017 2:00,-0.06514960554594995
11/8/2017 3:00,-0.05972047175045402
11/8/2017 4:00,-0.0678641724436968
11/8/2017 5:00,-0.07872244003468865
11/8/2017 6:00,-0.13029921109189924
11/8/2017 7:00,-0.1574448800693784
11/8/2017 8:00,-0.07329330623919361
11/8/2017 9:00,-0.07600787313694113
11/8/2017 10:00,-0.05972047175045402
11/8/2017 11:00,-0.0352893696707226
11/8/2017 12:00,-0.03800393656847012
11/8/2017 13:00,-0.021716535181983018
11/8/2017 14:00,0.008143700693243439
11/8/2017 15:00,0.06243503864820155
11/8/2017 16:00,0.13572834488739516
11/8/2017 17:00,0.24159645389956386
11/8/2017 18:00,0.323033460832
11/8/2017 19:00,0.4994803091856138
11/8/2017 20:00,0.4723346402081341
11/8/2017 21:00,0.510338576776605
11/8/2017 22:00,0.43704527053741216
11/8/2017 23:00,0.37732479878695824
11/9/2017 0:00,0.3800393656847065
11/9/2017 1:00,0.2253090525130759
11/9/2017 2:00,0.24159645389956366
11/9/2017 3:00,0.2633129890815461
11/9/2017 4:00,0.36375196429821866
11/9/2017 5:00,0.6677834568459838
11/9/2017 6:00,0.6080629850955299
11/9/2017 7:00,0.7573641644716641
11/9/2017 8:00,0.7003582596189589
11/9/2017 9:00,0.7709369989604042
11/9/2017 10:00,0.7356476292896807
11/9/2017 11:00,0.6406377878685041
11/9/2017 12:00,0.6243503864820171
11/9/2017 13:00,0.6216358195842695
11/9/2017 14:00,0.618921252686522
11/9/2017 15:00,0.6514960554594968
11/9/2017 16:00,0.6759271575392275
11/9/2017 17:00,0.564629914731563
11/9/2017 18:00,0.4777637740036308
11/9/2017 19:00,0.29317322495677345
11/9/2017 20:00,0.4126141684576815
11/9/2017 21:00,0.4831929077991267
11/9/2017 22:00,0.5266259781630929
11/9/2017 23:00,0.9555275480072608
11/10/2017 0:00,1.1211161287698823
11/10/2017 1:00,1.123830695667631
11/10/2017 2:00,0.7817952665513953
11/10/2017 3:00,0.7302184954941863
11/10/2017 4:00,0.8795196748703196
11/10/2017 5:00,0.5944901506067897
11/10/2017 6:00,0.6379232209707566
11/10/2017 7:00,0.7817952665513961
11/10/2017 8:00,0.8197992031198655
11/10/2017 9:00,0.6786417244369751
11/10/2017 10:00,0.5646299147315638
11/10/2017 11:00,0.6270649533797654
11/10/2017 12:00,0.5211968443675968
11/10/2017 13:00,0.3908976332756976
11/10/2017 14:00,0.3094606263432605
11/10/2017 15:00,0.2605984221837985
11/10/2017 16:00,0.2605984221837984
11/10/2017 17:00,0.12215551039865565
11/10/2017 18:00,-0.11129724280766384
11/10/2017 19:00,-0.13844291178514356
11/10/2017 20:00,-0.17101771455811776
11/10/2017 21:00,-0.5021948760833622
11/10/2017 22:00,-0.3040314925477646
11/10/2017 23:00,-0.7275039285964372
11/11/2017 0:00,-0.9392401466207736
11/11/2017 1:00,-0.7057873934144542
11/11/2017 2:00,-0.3718956649914622
11/11/2017 3:00,-0.4424744043329081
11/11/2017 4:00,-0.7845098334491429
11/11/2017 5:00,-0.8116555024266219
11/11/2017 6:00,-0.8442303051995971
11/11/2017 7:00,-1.1211161287698832
11/11/2017 8:00,-1.0858267590991606
11/11/2017 9:00,-0.9935314845757316
11/11/2017 10:00,-0.8632322734838325
11/11/2017 11:00,-0.8089409355288744
11/11/2017 12:00,-0.8740905410748243
11/11/2017 13:00,-0.7899389672446396
11/11/2017 14:00,-0.10858267590991616
11/11/2017 15:00,-0.7682224320626565
11/11/2017 16:00,-0.6080629850955299
11/11/2017 17:00,-0.5049094429811098
11/11/2017 18:00,-0.2741712566725386
11/11/2017 19:00,-0.2497401545928072
11/11/2017 20:00,-0.2714566897747904
11/11/2017 21:00,-0.02443110207973065
11/11/2017 22:00,-0.29860235875226937
11/11/2017 23:00,-0.2850295242635291
11/12/2017 0:00,-0.2388818870018153
11/12/2017 1:00,-0.5754881823225548
11/12/2017 2:00,-0.7112165272099501
11/12/2017 3:00,-0.6949291258234631
11/12/2017 4:00,-0.5211968443675977
11/12/2017 5:00,-0.6596397561527404
11/12/2017 6:00,-0.6134921188910258
11/12/2017 7:00,-0.1764468483536138
11/12/2017 8:00,-0.1791614152513613
11/12/2017 9:00,-0.466905506412639
11/12/2017 10:00,-0.355608263604975
11/12/2017 11:00,-0.3583228305027235
11/12/2017 12:00,-0.2063070842288396
11/12/2017 13:00,-0.23616732010406705
11/12/2017 14:00,-1.0016751852689754
11/12/2017 15:00,-0.19544881663784847
11/12/2017 16:00,-0.4180433022531767
11/12/2017 17:00,-0.2605984221837984
11/12/2017 18:00,-0.2415964538995631
11/12/2017 19:00,-0.230738186308571
11/12/2017 20:00,-0.3176043270365041
11/12/2017 21:00,-0.43433070363966464
11/12/2017 22:00,-0.2090216511265888
11/12/2017 23:00,-0.16558858076262262
11/13/2017 0:00,-0.13301377798964684
11/13/2017 1:00,-0.07600787313694113
11/13/2017 2:00,0.15473031317163
11/13/2017 3:00,0.4017559008666897
11/13/2017 4:00,0.5103385767766058
11/13/2017 5:00,0.5944901506067904
11/13/2017 6:00,0.6379232209707566
11/13/2017 7:00,0.2415964538995631
11/13/2017 8:00,0.2307381863085718
11/13/2017 9:00,0.5347696788563365
11/13/2017 10:00,0.3936122001734452
11/13/2017 11:00,0.4261870029464211
11/13/2017 12:00,0.5429133795495799
11/13/2017 13:00,0.6759271575392276
11/13/2017 14:00,0.6922145589257147
11/13/2017 15:00,0.2823149573657815
11/13/2017 16:00,0.34746456291173144
11/13/2017 17:00,0.2605984221837984
11/13/2017 18:00,0.10858267590991623
11/13/2017 19:00,0.34474999601398304
11/13/2017 20:00,0.4234724360486719
11/13/2017 21:00,0.3936122001734461
11/13/2017 22:00,0.1954488166378493
11/13/2017 23:00,0.2334527532063202
11/14/2017 0:00,0.2660275559792944
11/14/2017 1:00,0.3230334608319999
11/14/2017 2:00,0.2633129890815468
11/14/2017 3:00,0.1438720455806387
11/14/2017 4:00,-0.07600787313694113
11/14/2017 5:00,-0.04343307036396626
11/14/2017 6:00,-0.02443110207973076
11/14/2017 7:00,-0.0705787393414452
11/14/2017 8:00,-0.10858267590991623
11/14/2017 9:00,-0.17916141525136142
11/14/2017 10:00,-0.10043897521667187
11/14/2017 11:00,-0.2117362180243364
11/14/2017 12:00,-0.2008779504333451
11/14/2017 13:00,-0.3230334608320001
11/14/2017 14:00,-0.15201574627388306
11/14/2017 15:00,0.1927342497401009
11/14/2017 16:00,0.25788385528605084
11/14/2017 17:00,0.2714566897747904
11/14/2017 18:00,0.3963267670711936
11/14/2017 19:00,0.15473031317163066
11/14/2017 20:00,0.23616732010406785
11/14/2017 21:00,0.3773247987869581
11/14/2017 22:00,0.4098996015599331
11/14/2017 23:00,0.3963267670711935
11/15/2017 0:00,0.3664665311959663
11/15/2017 1:00,0.3311771615252437
11/15/2017 2:00,0.3203188939342517
11/15/2017 3:00,0.2850295242635299
11/15/2017 4:00,0.3257480277297477
11/15/2017 5:00,0.3528936967072268
11/15/2017 6:00,0.3311771615252437
11/15/2017 7:00,0.34474999601398315
11/15/2017 8:00,0.3420354291162356
11/15/2017 9:00,0.38818306637794936
11/15/2017 10:00,0.3311771615252437
11/15/2017 11:00,0.3854684994802018
11/15/2017 12:00,0.3094606263432605
11/15/2017 13:00,0.30674605944551225
11/15/2017 14:00,0.33117716152524435
11/15/2017 15:00,0.2551692883883032
11/15/2017 16:00,0.11129724280766384
11/15/2017 17:00,0.040718503466218525
11/15/2017 18:00,-0.027145668977479054
11/15/2017 19:00,-0.021716535181983018
11/15/2017 20:00,-0.07872244003468952
11/15/2017 21:00,-0.09229527452342899
11/15/2017 22:00,-0.0705787393414452
11/15/2017 23:00,-0.08958070762568138
11/16/2017 0:00,-0.10043897521667187
11/16/2017 1:00,-0.07872244003468876
11/16/2017 2:00,-0.10315354211441946
11/16/2017 3:00,-0.11944094350090805
11/16/2017 4:00,-0.1628740138648735
11/16/2017 5:00,-0.12215551039865485
11/16/2017 6:00,-0.12758464419415086
11/16/2017 7:00,-0.06786417244369758
11/16/2017 8:00,-0.04886220415946213
11/16/2017 9:00,-0.0027145668977475727
11/16/2017 10:00,0.02171653518198308
11/16/2017 11:00,-0.0027145668977476283
11/16/2017 12:00,-0.02986023587522668
11/16/2017 13:00,-0.08958070762568071
11/16/2017 14:00,0.2253090525130759
11/16/2017 15:00,-0.0352893696707226
11/16/2017 16:00,0.08415157383018468
11/16/2017 17:00,0.14658661247838636
11/16/2017 18:00,0.29317322495677345
11/16/2017 19:00,0.2578838552860508
11/16/2017 20:00,0.15201574627388306
11/16/2017 21:00,0.11401180970541215
11/16/2017 22:00,0.08415157383018468
11/16/2017 23:00,0.016287401386487876
11/17/2017 0:00,-0.10043897521667257
